step,epoch,Cyclic_train,Cyclic_val,Cyclic_test,Decay_train,Decay_val,Decay_test
1000,1.01010101,6.7301,6.918,6.9037,9.6435,8.878,9.1305
2000,2.02020202,6.1441,5.3369,5.4094,6.469,7.2069,7.5018
3000,3.03030303,7.573,5.3774,5.436,5.0966,7.2248,7.3927
4000,4.04040404,5.7685,4.5097,4.5143,4.2225,4.7875,4.856
5000,5.050505051,3.6477,4.1133,4.0084,4.6671,4.6141,4.6386
6000,6.060606061,3.5157,3.8153,3.8412,4.7411,4.308,4.3191
7000,7.070707071,4.316,3.5242,3.4535,6.3583,4.0209,4.2137
8000,8.080808081,3.9066,3.5102,3.3863,5.6037,4.3114,4.2143
9000,9.090909091,2.7087,3.2583,3.1191,5.4097,4.0903,4.0331
10000,10.1010101,2.9411,5.4009,5.3362,3.753,3.7229,3.7634
11000,11.11111111,3.1037,2.9596,2.9356,5.3221,3.9824,3.9796
12000,12.12121212,2.8053,3.0282,2.9789,3.4512,3.3648,3.4173
13000,13.13131313,3.5888,3.4015,3.2742,3.3092,3.2465,3.3076
14000,14.14141414,2.9462,2.7732,2.6566,3.0481,3.2392,3.1128
15000,15.15151515,2.3144,2.7571,2.7573,2.6758,3.8799,4.0227
16000,16.16161616,2.8319,3.0622,2.9808,3.3091,3.0246,3.0527
17000,17.17171717,2.8134,2.5363,2.4663,3.5485,2.7843,2.7992
18000,18.18181818,2.4317,3.1975,3.0124,2.5141,2.7983,2.8258
19000,19.19191919,2.8846,2.9157,2.8292,2.8646,2.699,2.7301
20000,20.2020202,2.4594,2.5367,2.4868,2.4635,3.3051,3.3632
21000,21.21212121,2.5774,2.4326,2.3776,2.2237,2.5979,2.5666
22000,22.22222222,2.0837,2.5219,2.5182,2.4109,2.4434,2.4701
23000,23.23232323,2.3715,2.4783,2.4637,2.3452,2.2733,2.3156
24000,24.24242424,1.9627,2.2543,2.244,2.9797,2.559,2.5998
25000,25.25252525,2.2744,2.1992,2.1978,1.9828,2.3734,2.4325
26000,26.26262626,2.0743,2.2365,2.261,2.3338,2.2275,2.2118
27000,27.27272727,2.1124,2.0751,2.0591,3.0598,2.6826,2.6725
28000,28.28282828,2.0309,1.9097,1.8814,2.1396,2.2332,2.1833
29000,29.29292929,1.8202,2.1704,2.1704,2.7709,2.5162,2.5391
30000,30.3030303,1.7702,1.9485,1.9148,2.1463,2.8182,2.7416
31000,31.31313131,2.0644,1.9922,1.9719,2.1012,2.2568,2.1909
32000,32.32323232,1.8068,1.8997,1.9061,2.3112,2.2172,2.1855
33000,33.33333333,1.8307,1.8739,1.8577,2.606,2.208,2.2029
34000,34.34343434,1.7665,1.8628,1.8385,2.6234,2.3555,2.3041
35000,35.35353535,1.5973,1.8765,1.8377,2.1263,3.1814,3.1486
36000,36.36363636,1.4872,1.7134,1.734,1.7683,1.9049,1.9337
37000,37.37373737,2.0538,1.7866,1.7768,2.295,2.3268,2.3205
38000,38.38383838,1.6296,1.7145,1.7326,2.2279,2.0852,2.0852
39000,39.39393939,1.7623,1.7179,1.7093,2.1905,2.2493,2.2578
40000,40.4040404,1.512,1.791,1.756,2.5896,2.2186,2.2613
41000,41.41414141,1.6476,1.668,1.6975,1.986,1.9374,1.9897
42000,42.42424242,1.4744,1.6762,1.7014,1.8187,1.8943,1.9325
43000,43.43434343,1.4823,1.6804,1.6814,1.8862,2.2388,2.2755
44000,44.44444444,1.6881,1.7004,1.7463,2.2498,2.2069,2.1936
45000,45.45454545,1.8241,1.6481,1.6979,1.8881,1.7923,1.7817
46000,46.46464646,1.6172,1.6539,1.6735,1.9951,1.8128,1.7635
47000,47.47474747,1.6397,1.6207,1.6515,2.563,2.3986,2.45
48000,48.48484848,1.8122,1.6422,1.6687,2.0468,1.827,1.7955
49000,49.49494949,1.6942,1.6283,1.6547,1.8957,2.0493,1.9598
50000,50.50505051,2.2879,2.5929,2.499,1.6726,1.9068,1.9111
51000,51.51515152,2.4711,2.003,1.9622,2.1786,1.8908,1.837
52000,52.52525253,1.773,2.2866,2.2871,2.0175,1.9045,1.9292
53000,53.53535354,2.3191,2.3407,2.1915,1.8236,2.0213,1.9799
54000,54.54545455,1.8934,1.9533,2.0021,1.7244,2.0059,1.965
55000,55.55555556,2.0672,1.985,1.9652,1.6408,1.7043,1.6796
56000,56.56565657,2.0782,2.5492,2.5017,2.1338,1.6918,1.665
57000,57.57575758,2.1946,1.9591,1.9079,1.8659,1.8229,1.8658
58000,58.58585859,3.1307,1.9595,1.8905,1.6339,1.7153,1.6253
59000,59.5959596,2.1853,2.367,2.263,1.7709,1.6573,1.7036
60000,60.60606061,2.051,1.7808,1.7238,1.8993,1.7822,1.7435
61000,61.61616162,1.8714,2.3009,2.2546,1.7072,1.6948,1.6419
62000,62.62626263,1.7383,2.046,2.0299,2.2308,1.6672,1.6334
63000,63.63636364,1.48,1.8183,1.777,1.8515,1.9538,1.9567
64000,64.64646465,1.5782,1.8648,1.9058,1.6925,1.9493,1.9118
65000,65.65656566,1.961,1.7736,1.7621,1.8924,1.8446,1.7966
66000,66.66666667,2.2076,2.3469,2.245,1.8392,1.863,1.8774
67000,67.67676768,2.1561,2.2056,2.1382,1.3998,1.6938,1.7239
68000,68.68686869,1.879,2.0033,1.9397,1.656,1.7863,1.7544
69000,69.6969697,2.318,1.8053,1.772,1.5228,1.6086,1.5637
70000,70.70707071,1.6931,1.65,1.6062,1.655,1.7766,1.7369
71000,71.71717172,2.2227,2.1666,2.0454,1.6907,1.5779,1.5801
72000,72.72727273,1.7579,1.637,1.6192,1.7334,1.6436,1.6431
73000,73.73737374,1.7751,1.5718,1.5506,1.6586,1.7105,1.7149
74000,74.74747475,1.5656,1.5586,1.5072,1.3071,1.6971,1.6948
75000,75.75757576,1.7894,1.5121,1.4807,1.6942,1.6902,1.6369
76000,76.76767677,1.5676,1.9699,1.9263,1.8046,1.5192,1.5584
77000,77.77777778,1.7248,1.613,1.5659,1.4333,1.5669,1.5516
78000,78.78787879,1.437,1.4504,1.4286,1.4031,1.5035,1.504
79000,79.7979798,1.3832,1.642,1.5682,1.5271,1.8606,1.8428
80000,80.80808081,1.629,1.4536,1.4572,1.4588,1.6517,1.6326
81000,81.81818182,1.5475,1.5927,1.55,1.7834,1.675,1.6681
82000,82.82828283,1.3033,1.4156,1.419,1.3818,1.4477,1.5024
83000,83.83838384,1.6579,1.5637,1.54,1.5152,1.5234,1.5279
84000,84.84848485,1.4825,1.4978,1.5291,1.0776,1.4937,1.542
85000,85.85858586,1.3636,1.3744,1.359,1.8059,1.5375,1.5438
86000,86.86868687,1.2782,1.3061,1.308,1.5434,1.5646,1.5651
87000,87.87878788,1.4798,1.5721,1.5357,1.5109,1.52,1.5093
88000,88.88888889,1.3291,1.4275,1.4118,1.3688,1.5633,1.557
89000,89.8989899,1.7163,1.3189,1.3122,1.5386,1.4554,1.4584
90000,90.90909091,1.2936,1.3589,1.31,1.446,1.4347,1.4717
91000,91.91919192,1.5374,1.3297,1.2736,1.3352,1.5399,1.5532
92000,92.92929293,1.2663,1.3069,1.3355,1.4023,1.4774,1.4759
93000,93.93939394,1.3759,1.3146,1.2745,1.3728,1.6698,1.676
94000,94.94949495,1.2704,1.2908,1.2819,2.7769,1.8968,1.8952
95000,95.95959596,1.6122,1.2772,1.2598,1.5138,1.4013,1.4075
96000,96.96969697,1.8385,1.2984,1.2662,1.5141,1.5217,1.5123
97000,97.97979798,1.3019,1.2773,1.2544,1.6633,1.447,1.438
98000,98.98989899,1.0343,1.2724,1.253,1.5014,1.4821,1.4853
99000,100,1.3429,1.2696,1.2538,1.5577,1.4257,1.4606
100000,101.010101,1.8483,2.1338,2.0868,1.4029,1.4092,1.4068
101000,102.020202,1.9739,2.8813,2.8143,1.5244,1.5351,1.5206
102000,103.030303,1.9581,1.4535,1.5031,1.3575,1.3833,1.4287
103000,104.040404,1.5111,1.5613,1.5342,1.4138,1.3588,1.3711
104000,105.0505051,2.0745,2.0722,1.9886,1.2986,1.4792,1.5075
105000,106.0606061,2.6628,2.2486,2.1036,1.4905,1.441,1.4318
106000,107.0707071,2.0554,1.8657,1.8792,1.6136,1.366,1.4196
107000,108.0808081,2.1315,2.5852,2.5774,1.8705,1.7665,1.731
108000,109.0909091,2.2027,1.6969,1.6506,1.6088,1.629,1.6564
109000,110.1010101,1.7009,1.6501,1.5568,1.5559,1.4341,1.4347
110000,111.1111111,1.8035,1.445,1.4388,1.0693,1.3906,1.4037
111000,112.1212121,3.3098,1.6967,1.5577,1.5293,1.3627,1.3767
112000,113.1313131,2.255,1.7657,1.7594,1.4112,1.3826,1.4022
113000,114.1414141,1.4363,1.823,1.7968,1.513,1.4701,1.4583
114000,115.1515152,1.3312,1.4815,1.487,1.3138,1.3274,1.372
115000,116.1616162,1.6647,1.479,1.4556,1.4224,1.3764,1.4007
116000,117.1717172,1.7418,1.4748,1.4519,1.286,1.366,1.3868
117000,118.1818182,1.6316,1.8076,1.8568,1.4927,1.3762,1.4387
118000,119.1919192,1.4694,2.0787,2.1437,1.4082,1.3605,1.3588
119000,120.2020202,1.3573,1.3592,1.4249,1.2899,1.3568,1.3562
120000,121.2121212,1.5212,1.4662,1.4157,1.3352,1.359,1.3814
121000,122.2222222,1.4044,1.9102,1.8263,1.2932,1.3858,1.4019
122000,123.2323232,1.4317,1.4304,1.4044,1.23,1.3201,1.361
123000,124.2424242,1.4235,1.4424,1.416,1.4035,1.3999,1.4145
124000,125.2525253,1.6713,2.0364,1.9256,1.0589,1.3424,1.3777
125000,126.2626263,1.3228,1.9898,2.0321,1.4983,1.3263,1.3487
126000,127.2727273,1.312,1.7895,1.7105,1.5274,1.3223,1.3571
127000,128.2828283,1.3022,1.2738,1.2604,1.4832,1.3145,1.3327
128000,129.2929293,1.4613,1.3238,1.3061,1.2382,1.2962,1.3304
129000,130.3030303,1.3181,1.2349,1.2576,1.3902,1.47,1.5082
130000,131.3131313,1.3481,1.2715,1.2548,1.4158,1.3185,1.3341
131000,132.3232323,1.3577,1.241,1.255,1.6167,1.3294,1.3511
132000,133.3333333,0.9943,1.474,1.4923,1.305,1.3874,1.4072
133000,134.3434343,1.2744,1.4438,1.443,1.5111,1.3183,1.3395
134000,135.3535354,1.3068,1.3287,1.3283,1.4156,1.2936,1.3185
135000,136.3636364,1.1742,1.3406,1.3197,1.5183,1.2955,1.3323
136000,137.3737374,1.2659,1.1984,1.1927,2.0329,1.3294,1.3559
137000,138.3838384,1.1402,1.2306,1.1743,1.4095,1.3659,1.3991
138000,139.3939394,1.8996,1.5561,1.5623,1.1481,1.2854,1.3436
139000,140.4040404,1.1977,1.2076,1.1962,1.3352,1.3147,1.3495
140000,141.4141414,1.0248,1.2085,1.2434,1.5323,1.2892,1.3496
141000,142.4242424,0.9864,1.1604,1.1534,1.3726,1.4407,1.4653
142000,143.4343434,1.1699,1.1663,1.1391,1.3285,1.3244,1.3372
143000,144.4444444,1.2418,1.1687,1.1487,1.3272,1.2939,1.3044
144000,145.4545455,1.1767,1.137,1.1298,1.1636,1.2787,1.3017
145000,146.4646465,1.1387,1.1371,1.1255,1.1944,1.2886,1.3305
146000,147.4747475,0.9205,1.1442,1.1297,1.2487,1.3101,1.3398
147000,148.4848485,1.1394,1.1278,1.117,1.3559,1.2669,1.3009
148000,149.4949495,1.1931,1.1296,1.1145,1.3021,1.3032,1.3237
149000,150.5050505,1.7401,1.5664,1.5205,1.4001,1.2901,1.2998
150000,151.5151515,1.5973,1.4869,1.4583,1.3413,1.2901,1.3124
151000,152.5252525,1.4845,1.8471,1.7514,1.4918,1.3248,1.3355
152000,153.5353535,2.4905,1.5132,1.566,1.4933,1.2988,1.3169
153000,154.5454545,1.9867,1.8903,1.8278,1.2036,1.2817,1.3126
154000,155.5555556,1.64,1.7467,1.7788,1.2958,1.29,1.3132
155000,156.5656566,1.5609,1.8024,1.7252,1.3526,1.3471,1.3711
156000,157.5757576,2.3878,1.4984,1.5564,1.3354,1.3061,1.323
157000,158.5858586,1.4656,1.6042,1.5608,1.3893,1.2939,1.3161
158000,159.5959596,1.594,1.5061,1.4905,1.5057,1.2743,1.3015
159000,160.6060606,1.968,1.4515,1.4376,1.3442,1.2782,1.323
160000,161.6161616,1.7036,1.4683,1.4652,1.5614,1.3542,1.3752
161000,162.6262626,1.5914,1.6829,1.5934,1.2413,1.3325,1.3415
162000,163.6363636,1.3672,1.4984,1.4851,1.0776,1.2929,1.3196
163000,164.6464646,1.4579,1.4231,1.4516,1.3402,1.2875,1.3299
164000,165.6565657,1.3398,1.6406,1.6813,1.2422,1.2592,1.3068
165000,166.6666667,1.462,1.3693,1.3803,1.2778,1.2611,1.3151
166000,167.6767677,1.6476,2.0649,1.9834,1.3867,1.2687,1.2844
167000,168.6868687,1.2564,1.8113,1.8803,1.2075,1.2814,1.3305
168000,169.6969697,1.6183,1.4217,1.4269,1.1627,1.2697,1.301
169000,170.7070707,1.1474,1.3318,1.299,1.3438,1.2835,1.3051
170000,171.7171717,2.2185,1.6911,1.6987,1.3098,1.2659,1.2837
171000,172.7272727,1.2468,1.3076,1.2559,1.1424,1.2556,1.2854
172000,173.7373737,1.437,1.3271,1.302,1.1195,1.2542,1.2893
173000,174.7474747,1.5453,1.5251,1.5785,1.4398,1.2708,1.2928
174000,175.7575758,1.2543,1.3103,1.2831,1.4956,1.2735,1.3083
175000,176.7676768,1.2516,1.2755,1.246,1.4424,1.3249,1.3557
176000,177.7777778,1.0512,1.2052,1.233,1.2843,1.281,1.3226
177000,178.7878788,1.4261,1.3189,1.3279,1.3755,1.2591,1.2834
178000,179.7979798,1.2951,1.3446,1.3189,1.4439,1.311,1.3336
179000,180.8080808,1.3237,1.2126,1.2104,1.238,1.2594,1.2938
180000,181.8181818,1.326,1.423,1.4322,1.3657,1.2926,1.3242
181000,182.8282828,1.0961,1.1921,1.1958,1.4055,1.2517,1.2831
182000,183.8383838,1.4505,1.2622,1.2547,1.3356,1.2467,1.2813
183000,184.8484848,1.1087,1.1846,1.2138,1.4341,1.2606,1.2828
184000,185.8585859,1.2323,1.2829,1.3015,1.22,1.2457,1.2747
185000,186.8686869,1.1451,1.1167,1.1175,1.1553,1.2519,1.2827
186000,187.8787879,0.9411,1.1229,1.1366,1.2454,1.2436,1.2886
187000,188.8888889,1.1812,1.2201,1.2405,1.162,1.2529,1.2672
188000,189.8989899,1.3958,1.192,1.1653,1.3115,1.277,1.318
189000,190.9090909,1.0123,1.0879,1.0954,1.217,1.2583,1.2862
190000,191.9191919,0.9409,1.0649,1.0708,1.2879,1.2716,1.3021
191000,192.9292929,1.0931,1.1257,1.1075,1.1825,1.2473,1.28
192000,193.9393939,1.2228,1.0567,1.0456,1.2224,1.256,1.2878
193000,194.9494949,1.1071,1.0527,1.0388,1.4661,1.2656,1.283
194000,195.959596,1.0587,1.044,1.0394,1.5435,1.2474,1.2723
195000,196.969697,1.0377,1.0456,1.0364,1.4793,1.238,1.2812
196000,197.979798,0.9067,1.0459,1.0434,1.1183,1.2412,1.2747
197000,198.989899,1.0608,1.0433,1.0366,1.1674,1.2405,1.2746
198000,200,1.2677,1.0425,1.0353,1.202,1.2431,1.2752
199000,201.010101,1.6804,1.349,1.3991,1.1598,1.2554,1.2821
200000,202.020202,1.3222,1.3329,1.3539,1.1485,1.2777,1.2969
201000,203.030303,1.3059,1.5369,1.5392,1.1953,1.2303,1.2702
202000,204.040404,1.2116,1.3346,1.3251,1.3219,1.2579,1.2855
203000,205.0505051,1.6264,1.9684,1.9479,1.2842,1.2396,1.2681
204000,206.0606061,2.1212,1.4699,1.4538,1.1798,1.2244,1.271
205000,207.0707071,1.6868,1.5023,1.4563,1.2814,1.2379,1.2724
206000,208.0808081,1.5285,1.9068,1.9617,1.1633,1.2606,1.2893
207000,209.0909091,1.5507,1.501,1.4503,1.1377,1.2499,1.2823
208000,210.1010101,1.7068,1.9595,1.9808,1.3182,1.2446,1.2736
209000,211.1111111,1.3688,1.364,1.3565,1.2881,1.237,1.267
210000,212.1212121,1.5766,1.6824,1.6471,1.2415,1.2347,1.2732
211000,213.1313131,1.2636,1.547,1.5766,1.4203,1.2351,1.2717
212000,214.1414141,1.5397,1.3138,1.3481,1.1069,1.2234,1.2663
213000,215.1515152,1.7176,1.6253,1.5713,1.2492,1.2338,1.2629
214000,216.1616162,1.2677,1.5523,1.5241,1.2947,1.2397,1.2713
215000,217.1717172,1.6122,1.421,1.3827,1.2228,1.2287,1.2667
216000,218.1818182,1.2816,1.3748,1.424,1.2559,1.2505,1.2854
217000,219.1919192,1.4949,1.5365,1.5986,1.2327,1.2507,1.2846
218000,220.2020202,1.1154,1.3981,1.387,1.2607,1.2269,1.2633
219000,221.2121212,1.3685,1.3716,1.3544,1.602,1.2356,1.2739
220000,222.2222222,1.2159,1.2766,1.2966,1.423,1.2657,1.2985
221000,223.2323232,1.5863,1.2632,1.2438,1.4384,1.2795,1.3057
222000,224.2424242,1.2216,1.3497,1.3309,1.2154,1.2297,1.2618
223000,225.2525253,1.3526,1.5626,1.5649,1.2983,1.2299,1.2699
224000,226.2626263,1.3467,1.2501,1.2127,1.1855,1.2222,1.264
225000,227.2727273,1.6011,1.3283,1.3335,1.2473,1.2305,1.2575
226000,228.2828283,1.279,1.1399,1.2261,1.065,1.2241,1.2617
227000,229.2929293,1.2341,1.158,1.1798,1.3321,1.2311,1.2651
228000,230.3030303,1.0458,1.1434,1.1587,1.3144,1.2435,1.28
229000,231.3131313,1.4343,1.0576,1.082,1.0947,1.2338,1.2674
230000,232.3232323,1.4488,1.1167,1.1185,1.2773,1.2501,1.2831
231000,233.3333333,1.1238,1.0846,1.1226,1.3745,1.2261,1.2637
232000,234.3434343,1.039,1.1643,1.1866,1.1455,1.222,1.2616
233000,235.3535354,0.9462,1.0857,1.0919,1.1759,1.2237,1.2617
234000,236.3636364,1.1915,1.1104,1.0851,1.1837,1.2258,1.2585
235000,237.3737374,1.0652,1.0907,1.1103,1.0062,1.2263,1.256
236000,238.3838384,1.002,1.1565,1.1772,1.1152,1.2235,1.2621
237000,239.3939394,1.0066,1.0098,1.0376,1.238,1.2365,1.2669
238000,240.4040404,0.9549,1.0776,1.0621,1.2107,1.2436,1.2759
239000,241.4141414,0.9871,1.0349,1.039,1.2589,1.2288,1.2648
240000,242.4242424,1.0695,0.9966,1.0152,1.3787,1.2209,1.2603
241000,243.4343434,0.9331,0.9957,1.0026,1.3636,1.2363,1.2712
242000,244.4444444,0.8294,0.9857,0.9893,1.2298,1.2195,1.2622
243000,245.4545455,1.0325,0.9877,0.993,1.3005,1.2198,1.2548
244000,246.4646465,0.9308,0.9898,1.0032,1.4487,1.2384,1.26
245000,247.4747475,0.953,0.9859,0.9926,1.1415,1.2238,1.2596
246000,248.4848485,0.9805,0.9825,0.9921,1.251,1.2221,1.2605
247000,249.4949495,0.9161,0.9815,0.9882,1.156,1.2314,1.2636
248000,250.5050505,2.2797,1.8724,1.8367,1.3393,1.2163,1.2547
249000,251.5151515,1.5124,1.5021,1.5684,1.0879,1.2252,1.2588
250000,252.5252525,1.3481,1.8397,1.7952,1.1987,1.2294,1.2654
251000,253.5353535,1.5667,1.3878,1.4502,1.408,1.2166,1.2572
252000,254.5454545,1.1128,1.5028,1.4815,1.1537,1.2195,1.252
253000,255.5555556,2.3166,1.4577,1.5016,1.1414,1.2167,1.2561
254000,256.5656566,1.5426,1.5216,1.4951,1.2913,1.229,1.2588
255000,257.5757576,1.8861,1.6645,1.7251,1.1819,1.2481,1.2827
256000,258.5858586,1.4543,1.5234,1.5313,1.1686,1.238,1.2694
257000,259.5959596,1.614,1.8721,1.9198,1.192,1.2379,1.2619
258000,260.6060606,1.7015,1.9254,1.9108,1.1409,1.2181,1.2518
259000,261.6161616,2.176,1.7581,1.7449,1.6109,1.2191,1.2596
260000,262.6262626,1.4203,1.7667,1.7597,1.2237,1.2199,1.2555
261000,263.6363636,1.971,1.5316,1.4817,1.1896,1.2149,1.2556
262000,264.6464646,1.4994,1.5566,1.5351,1.4217,1.2207,1.2568
263000,265.6565657,1.9315,1.2745,1.295,1.301,1.2202,1.2552
264000,266.6666667,1.6896,1.494,1.5126,1.2436,1.2182,1.2569
265000,267.6767677,1.2244,1.5237,1.51,1.037,1.2149,1.2519
266000,268.6868687,1.4635,1.2391,1.2729,1.2459,1.2287,1.2567
267000,269.6969697,1.6895,1.56,1.5939,1.1459,1.2201,1.2548
268000,270.7070707,2.0845,1.3378,1.3726,1.4001,1.2277,1.2659
269000,271.7171717,1.158,1.3471,1.3113,1.1558,1.2225,1.2629
270000,272.7272727,1.5105,1.716,1.7325,1.2156,1.2191,1.2544
271000,273.7373737,1.2268,1.1262,1.1356,1.314,1.2265,1.2593
272000,274.7474747,1.321,1.2388,1.2263,1.1879,1.2217,1.2496
273000,275.7575758,1.1819,1.1049,1.0996,1.2003,1.2188,1.2532
274000,276.7676768,1.2875,1.1947,1.2572,1.2843,1.2221,1.257
275000,277.7777778,0.9822,1.1616,1.1399,1.2827,1.2282,1.2534
276000,278.7878788,1.2389,1.2263,1.1556,1.343,1.2218,1.2542
277000,279.7979798,1.1201,1.1629,1.1793,1.2037,1.2214,1.2577
278000,280.8080808,1.0714,1.1713,1.2028,1.2562,1.2201,1.2531
279000,281.8181818,1.1159,1.0097,1.0624,1.4028,1.2202,1.2546
280000,282.8282828,1.1369,1.0819,1.0699,1.3584,1.2245,1.2563
281000,283.8383838,1.1861,1.0665,1.0668,1.2571,1.2152,1.2526
282000,284.8484848,1.0488,1.1278,1.1142,1.1946,1.2164,1.2508
283000,285.8585859,1.0259,0.9831,1.0019,1.125,1.2152,1.2541
284000,286.8686869,0.9785,1.0049,1.0148,1.2242,1.2214,1.2537
285000,287.8787879,0.9666,1.068,1.1074,0.9963,1.2184,1.2532
286000,288.8888889,0.9123,1.0085,1.0303,1.2654,1.216,1.2497
287000,289.8989899,1.0977,1.1062,1.1091,1.2084,1.2172,1.2517
288000,290.9090909,1.0265,0.9681,0.9798,1.2737,1.2172,1.2573
289000,291.9191919,0.978,0.9411,0.9745,1.2972,1.2161,1.2533
290000,292.9292929,0.8898,0.9626,0.9906,1.3081,1.2215,1.2581
291000,293.9393939,1.0035,0.9367,0.9683,1.0524,1.217,1.2515
292000,294.9494949,1.0429,0.9399,0.9704,1.0541,1.2169,1.2517
293000,295.959596,0.9384,0.9483,0.9885,1.2719,1.2144,1.2517
294000,296.969697,0.7786,0.9611,0.9764,1.2924,1.2192,1.2532
295000,297.979798,0.8684,0.9346,0.9647,1.2098,1.2237,1.2565
296000,298.989899,0.9212,0.934,0.958,1.2713,1.2156,1.2496
297000,300,0.9123,0.9316,0.9571,1.2485,1.2163,1.25
298000,301.010101,0.9421,1.1556,1.1701,1.2087,1.2201,1.2539
299000,302.020202,0.9229,1.4047,1.4383,1.2114,1.2182,1.2508
300000,303.030303,1.2951,1.2429,1.2139,1.2098,1.2125,1.2481
301000,304.040404,1.0681,1.2231,1.2439,1.3469,1.2197,1.2516
302000,305.0505051,1.3554,1.2583,1.2336,1.3417,1.2156,1.2524
303000,306.0606061,1.3645,1.275,1.2512,1.2138,1.2132,1.2491
304000,307.0707071,1.7834,1.6888,1.6475,1.2305,1.2228,1.2528
305000,308.0808081,1.8746,1.4875,1.4852,1.4059,1.213,1.2478
306000,309.0909091,1.3624,1.4576,1.4448,1.0393,1.2185,1.2498
307000,310.1010101,1.3764,1.3485,1.4237,1.2548,1.2161,1.2503
308000,311.1111111,1.4068,1.3779,1.3975,1.1996,1.2165,1.2503
309000,312.1212121,2.3669,1.4665,1.4694,1.1754,1.2185,1.2565
310000,313.1313131,1.2481,1.3837,1.4154,1.5836,1.2166,1.25
311000,314.1414141,1.217,1.5346,1.483,1.2177,1.2152,1.2508
312000,315.1515152,1.0677,1.3857,1.4576,1.3014,1.2147,1.2495
313000,316.1616162,1.6212,1.4411,1.4479,1.3336,1.2131,1.2503
314000,317.1717172,1.3537,1.4232,1.4274,1.1983,1.2134,1.2503
315000,318.1818182,1.4333,1.54,1.5649,1.0831,1.2171,1.2489
316000,319.1919192,1.2179,1.2306,1.2126,1.2609,1.2144,1.2501
317000,320.2020202,1.2369,1.2729,1.2425,1.2282,1.2188,1.2521
318000,321.2121212,1.092,1.0793,1.072,1.1386,1.2156,1.2493
319000,322.2222222,2.0412,1.5134,1.5786,1.247,1.2175,1.2527
320000,323.2323232,1.2793,1.1526,1.2248,1.1554,1.2146,1.2499
321000,324.2424242,1.3149,1.0579,1.1406,1.1218,1.2187,1.2508
322000,325.2525253,1.2235,1.201,1.2116,1.1247,1.2126,1.2488
323000,326.2626263,1.1713,1.1223,1.0711,1.3237,1.22,1.252
324000,327.2727273,1.0464,1.1174,1.1318,1.0828,1.2151,1.2494
325000,328.2828283,1.0803,1.0666,1.0771,1.3511,1.2162,1.2527
326000,329.2929293,1.1637,1.1004,1.1142,1.2478,1.2151,1.2508
327000,330.3030303,1.3289,1.2294,1.2167,1.2083,1.2148,1.2532
328000,331.3131313,1.0382,1.1274,1.0861,1.2222,1.2145,1.25
329000,332.3232323,0.9071,1.1876,1.2236,1.1181,1.2126,1.2487
330000,333.3333333,1.006,0.9694,1.0036,1.3088,1.2134,1.2494
331000,334.3434343,0.9445,1.0037,1.0173,1.3553,1.2145,1.2502
332000,335.3535354,1.1712,1.0343,1.0986,1.2214,1.2136,1.2512
333000,336.3636364,0.9494,1.0481,1.1162,1.3611,1.2142,1.249
334000,337.3737374,0.8625,1.0103,1.0287,1.2852,1.2156,1.2506
335000,338.3838384,0.9346,1.0149,1.0316,1.1752,1.2148,1.2503
336000,339.3939394,0.7459,0.9179,0.9663,1.0684,1.2162,1.2508
337000,340.4040404,1.0766,0.9319,0.9803,1.0785,1.2126,1.2502
338000,341.4141414,0.8903,0.9285,0.9941,1.4384,1.2134,1.25
339000,342.4242424,0.8424,0.9351,0.983,1.0269,1.2175,1.2493
340000,343.4343434,0.8672,0.8913,0.9573,1.1812,1.2136,1.2497
341000,344.4444444,0.7682,0.9202,0.9461,1.2309,1.2144,1.2504
342000,345.4545455,0.9337,0.8982,0.9336,1.1834,1.2139,1.2477
343000,346.4646465,0.8454,0.8905,0.937,1.383,1.2117,1.2471
344000,347.4747475,0.8326,0.8941,0.9272,1.3496,1.215,1.2485
345000,348.4848485,0.8425,0.8895,0.9289,1.1904,1.2141,1.2488
346000,349.4949495,0.846,0.8884,0.9259,1.2554,1.2147,1.2513
347000,350.5050505,1.7108,1.6562,1.7435,1.0894,1.2126,1.2479
348000,351.5151515,1.4001,1.1484,1.1762,1.3618,1.2111,1.248
349000,352.5252525,2.0932,1.1579,1.2219,1.221,1.2136,1.2486
350000,353.5353535,1.276,1.2367,1.2442,1.3056,1.2163,1.2489
351000,354.5454545,1.2255,1.2385,1.2868,1.056,1.2146,1.2505
352000,355.5555556,1.0477,1.4497,1.5183,1.2207,1.2159,1.2489
353000,356.5656566,1.292,1.4332,1.51,1.1625,1.2122,1.2487
354000,357.5757576,1.3949,1.3245,1.3078,1.1484,1.2125,1.2494
355000,358.5858586,1.0992,1.2109,1.2341,1.3487,1.2136,1.2485
356000,359.5959596,1.3312,1.6262,1.7224,1.2616,1.2122,1.2475
357000,360.6060606,1.0909,1.3779,1.3975,1.2949,1.2177,1.2524
358000,361.6161616,1.2825,1.3868,1.406,1.2405,1.2146,1.2489
359000,362.6262626,1.8364,1.6222,1.5755,1.3791,1.2179,1.2522
360000,363.6363636,1.3917,1.2215,1.2083,1.2575,1.2163,1.2511
361000,364.6464646,1.1531,1.2309,1.2117,1.0574,1.2126,1.2491
362000,365.6565657,1.2236,1.2552,1.3102,1.4413,1.2128,1.2492
363000,366.6666667,1.1486,1.1785,1.1204,1.1897,1.216,1.2501
364000,367.6767677,1.4778,1.2147,1.2936,1.1965,1.2103,1.2504
365000,368.6868687,1.1785,1.2505,1.2044,0.9427,1.2144,1.2489
366000,369.6969697,1.1393,1.3544,1.3159,1.1222,1.2143,1.2501
367000,370.7070707,1.4122,1.3042,1.3307,1.719,1.213,1.2485
368000,371.7171717,1.0294,1.1832,1.2377,1.3555,1.2138,1.2481
369000,372.7272727,1.0814,1.3366,1.2892,1.4598,1.2159,1.253
370000,373.7373737,1.3942,1.186,1.1197,1.1326,1.2134,1.25
371000,374.7474747,1.0699,1.114,1.1797,1.1746,1.213,1.2492
372000,375.7575758,1.1794,1.3077,1.3256,1.1805,1.2133,1.248
373000,376.7676768,1.0334,1.0152,1.0179,1.4618,1.213,1.2478
374000,377.7777778,1.1087,1.0946,1.1437,1.1504,1.2139,1.2491
375000,378.7878788,1.3095,1.0733,1.083,1.103,1.2133,1.2494
376000,379.7979798,0.9889,1.0154,1.0175,1.1527,1.2126,1.2493
377000,380.8080808,0.9434,1.0407,1.0995,1.2458,1.2129,1.2485
378000,381.8181818,1.2076,1.0003,1.072,1.2773,1.2144,1.2494
379000,382.8282828,1.1446,1.1308,1.157,1.2302,1.2126,1.2482
380000,383.8383838,1.0084,0.9498,0.9944,1.2271,1.2106,1.2478
381000,384.8484848,0.9758,0.9676,1.0258,1.221,1.2135,1.2503
382000,385.8585859,0.9742,1.093,1.1535,1.2564,1.2129,1.2483
383000,386.8686869,1.0169,0.9588,0.9992,1.051,1.2143,1.2494
384000,387.8787879,0.8787,0.9668,0.9578,1.2552,1.2139,1.2495
385000,388.8888889,0.9442,0.9737,1.0098,1.2415,1.2142,1.2487
386000,389.8989899,0.8866,0.912,0.9252,1.2192,1.2135,1.2496
387000,390.9090909,0.8141,0.8978,0.9327,1.137,1.2148,1.2489
388000,391.9191919,0.9161,0.8914,0.923,1.2809,1.2122,1.2481
389000,392.9292929,1.0423,0.8838,0.9101,1.1006,1.2129,1.2487
390000,393.9393939,0.8549,0.891,0.9126,1.1293,1.2127,1.2479
391000,394.9494949,0.7202,0.8688,0.9102,1.3172,1.2143,1.2502
392000,395.959596,1.1957,0.8791,0.9024,1.2373,1.2139,1.2508
393000,396.969697,0.9263,0.8684,0.8982,1.0902,1.2121,1.248
394000,397.979798,0.7142,0.8743,0.8982,1.0831,1.2139,1.2502
395000,398.989899,0.8042,0.8683,0.8956,1.2174,1.2116,1.2474
396000,400,0.9713,0.8649,0.8954,1.0611,1.2131,1.2485